YEAR,PSTATABB,FIPSST,STGENACL,STGENAOL,STGENAGS,STGENANC,STGENAHY,STGENABM,STGENAWI,STGENASO,STGENAGT,NRETotal,RETotal
2004,AK,2,648426.8,747619.3,3623430.8,0,1498018.9,9215.4,0,0,0,5019476.9,1507234.3
2004,AL,1,74764188.7,206818.2,15987626.4,31635789,10626220.4,3898269,0,0,0,90958633.3,46160278.4
2004,AR,5,25355532.1,488952,4951390.6,15449851,3668183.7,1911259.1,0,0,0,30795874.7,21029293.8
2004,AZ,4,39813867.4,40515.9,23962745.5,28112609,6919706.7,43997.6,0,4264.9,0,63817128.8,35080578.2
2004,CA,6,2244354.6,2243538.1,99694445.5,30267887,33311473.7,6022891.4,4289254.2,570890,12027030,104182338.2,86489426.3
2004,CO,8,35848460.6,13707.5,10745340,0,1002862.1,34979.9,220140.9,0,0,46607508.1,1257982.9
2004,CT,9,4256431.1,1674503.1,8108839.7,16539097,462936.5,955073.9,0,0,0,14039773.9,17957107.4
2004,DC,11,0,36487,0,0,0,0,0,0,0,36487,0
2004,DE,10,4750119.6,721189.6,1669061.4,0,0,0,0,0,0,7140370.6,0
2004,FL,12,61982539.9,37229243.5,76624772.8,31215576,265258,5144532.2,0,0,0,175836556.2,36625366.2
2004,GA,13,79988291.2,834946.8,6106699.5,33747705,2811924.8,3178985.2,0,0,0,86929937.5,39738615
2004,HI,15,1609992.2,8826174.6,125081.4,0,93900.4,377413.2,7495,0,213288,10561248.2,692096.6
2004,IA,19,35272283.6,108559.2,824669.6,4928948,945958.9,109888.5,1041928.1,0,0,36205512.4,7026723.5
2004,ID,16,100099.4,136,1710292.5,0,8333023.5,573736.1,0,0,0,1810527.9,8906759.6
2004,IL,17,94460597.5,749381.6,3373829.8,92047323,153528.8,579424.8,78073,0,0,98583808.9,92858349.6
2004,IN,18,120568483.3,425840,2114357.7,0,443720.8,143473.9,0,0,0,123108681,587194.7
2004,KS,20,34591712.3,855373.6,831652.3,10132736,12547,0,356879,0,0,36278738.2,10502162
2004,KY,21,86120511,3621099,580929.6,0,3780251,411628.2,0,0,0,90322539.6,4191879.2
2004,LA,22,23652957.7,4150173.4,40660949,17079981,1098825,2989825.9,0,0,0,68464080.1,21168631.9
2004,MA,25,10526488,7481565.1,20475811,5938600,444122.6,1490137.3,0,0,0,38483864.1,7872859.9
2004,MD,24,29215529,3295912.4,1183004.7,14580260,2507521,665201.4,0,0,0,33694446.1,17752982.4
2004,ME,23,358395.2,1282412.2,9826263.2,0,3317085.1,3822222,0,0,0,11467070.6,7139307.1
2004,MI,26,68621711.6,893499.1,14997829.8,30561961,421396.4,2600409.5,1875,0,0,84513040.5,33585641.9
2004,MN,27,34016006.1,780322.7,1470484,13295502,721987.7,1167993.4,791059.4,0,0,36266812.8,15976542.5
2004,MO,29,74980081.2,198727.5,2880127,7830693,1187131.8,35263.7,0,0,0,78058935.7,9053088.5
2004,MS,28,17090076.1,3150722.3,8255464.8,10232766,0,1567492.4,0,0,0,28496263.2,11800258.4
2004,MT,30,17398896.9,419266.3,32126.8,0,8849903.4,59949.6,0,0,0,17850290,8909853
2004,NC,37,75496412.6,570866.8,2496267.1,40090623,5504826.2,1750054.8,0,0,0,78563546.5,47345504
2004,ND,38,29468989.5,39217.5,6749.6,0,1545864,5602.7,214523,0,0,29514956.6,1765989.7
2004,NE,31,20457085,21854.6,297541.9,10241254,913020.5,39517,38430.8,0,0,20776481.5,11232222.3
2004,NH,33,4076075,1944398.2,5400409.2,10177573,1315754.8,936705.8,0,0,0,11420882.4,12430033.6
2004,NJ,34,10301077.3,1390097.5,15867199,27081566,-249735.9,912835.5,0,0,0,27558373.8,27744665.6
2004,NM,35,29263899,31375.7,2992673.2,0,138946.8,0,513465,0,0,32287947.9,652411.8
2004,NV,32,18257265,95766.2,16386203.7,0,1605203,0,0,0,1193004.6,34739234.9,2798207.6
2004,NY,36,22853895.8,21114688.1,26872911.4,40640305,23162225.2,2087617.9,97652,0,0,70841495.3,65987800.1
2004,OH,39,128232694.8,1388880.2,1383845.6,15950121,457856.8,371040.1,0,0,0,131005420.6,16779017.9
2004,OK,40,33802375.5,62311.1,23202777.9,0,2742796.6,249348,572744,0,0,57067464.5,3564888.6
2004,OR,41,3555661.2,62938.5,13480545.7,0,33050847,729582.8,619011.9,0,0,17099145.4,34399441.7
2004,PA,42,117196701.4,4127000.5,9830535.3,77458632,2462936.3,2224003.8,306311.7,0,0,131154237.2,82451883.8
2004,RI,44,0,48745.1,4783687,0,5461,0,0,0,0,4832432.1,5461
2004,SC,45,38910841.5,906031.2,3794136.7,51200640,1274755.5,1675442,0,0,0,43611009.4,54150837.5
2004,SD,46,3620000.9,22771,112254.8,0,3597509,0,157678,0,0,3755026.7,3755187
2004,TN,47,58309600.9,190356.6,292084,28612271,9590286,579833.3,3813,0,0,58792041.5,38786203.3
2004,TX,48,146721096,2310547.2,180057380.5,40435372,1300607.8,1226823.6,3137690,0,0,329089023.7,46100493.4
2004,UT,49,36617853.9,32566.7,909849.7,0,449846.5,4887.4,0,0,194876,37560270.3,649609.9
2004,VA,51,35350395.4,3896348.5,5447438.6,28315294,416938.3,2620642.5,0,0,0,44694182.5,31352874.8
2004,VT,50,0,17799.8,3224,3858020,1187254,392714.2,11364,0,0,21023.8,5449352.2
2004,WA,53,10413457.5,81352.7,8462089.8,8981583,71550248.5,1605126.1,152537,0,0,18956900,82289494.6
2004,WI,55,42156327.8,751974.4,2394741.9,11887849,1980673.7,1172181.8,103563,0,0,45303044.1,15144267.5
2004,WV,54,87588841.2,267615.2,252767.7,0,1590297.6,2071,161191,0,0,88109224.1,1753559.6
2004,WY,56,43345718,45612.9,86355.4,0,593146.2,0,616515,0,0,43477686.3,1209661.2
2005,AK,2,"623,129.70","760,114.60","3,723,625.10",0,"1,463,940.80","5,254.00",588.9,0,0,5106869.4,1469783.7
2005,AL,1,"78,070,315.50","199,465.80","13,864,459.20","31,694,223.00","10,144,580.40","3,220,285.70",0,0,0,92134240.5,45059089.1
2005,AR,5,"23,037,139.30","206,674.40","6,007,923.50","13,689,571.00","3,103,217.70","1,734,688.80",0,0,0,29251737.2,18527477.5
2005,AZ,4,"40,143,310.00","43,207.60","28,893,266.30","25,807,446.00","6,504,710.70","60,413.40",0,"13,581.00",0,69079783.9,32386151.1
2005,CA,6,"1,965,787.50","2,576,183.80","93,376,233.50","36,154,898.00","39,751,649.60","5,814,174.80","4,259,490.60","536,713.30","13,022,636.40",97918204.8,99539562.7
2005,CO,8,"35,570,134.70","17,045.80","11,941,213.30",0,"1,293,231.50","34,326.50","776,233.90",0,0,47528393.8,2103791.9
2005,CT,9,"3,996,491.60","3,156,046.80","8,865,252.20","15,562,122.00","476,545.30","710,947.30",0,0,0,16017790.6,16749614.6
2005,DC,11,0,"226,042.00",0,0,0,0,0,0,0,226042,0
2005,DE,10,"4,832,947.60","1,216,422.50","1,590,760.50",0,0,0,0,0,0,7640130.6,0
2005,FL,12,"62,502,865.90","37,210,372.50","83,657,065.90","28,758,826.00","266,158.90","4,331,132.80",0,0,0,183370304.3,33356117.7
2005,GA,13,"87,235,508.70","1,006,253.40","9,773,531.20","31,534,259.00","3,820,289.90","3,196,376.30",0,0,0,98015293.3,38550925.2
2005,HI,15,"1,631,249.80","9,076,425.20",0,0,"96,187.60","301,112.60","6,632.00",0,"221,597.00",10707675,625529.2
2005,IA,19,"34,083,456.10","149,531.80","2,480,701.80","4,538,313.00","959,525.80","115,974.90","1,647,133.90",0,0,36713689.7,7260947.6
2005,ID,16,"95,181.30",4.9,"1,550,167.10",0,"8,542,117.50","577,039.90",0,0,0,1645353.3,9119157.4
2005,IL,17,"92,264,271.00","326,021.90","7,110,426.10","93,263,001.00","129,036.70","684,618.30","141,146.00",0,0,99700719,94217802
2005,IN,18,"122,796,431.70","264,294.50","3,596,430.70",0,"438,281.80","66,467.60",0,0,0,126657156.9,504749.4
2005,KS,20,"34,480,731.00","986,405.40","1,137,448.30","8,820,945.00","11,337.00",0,"425,823.00",0,0,36604584.7,9258105
2005,KY,21,"89,083,112.90","3,680,684.80","1,658,070.10",0,"2,961,192.90","422,384.60",0,0,0,94421867.8,3383577.5
2005,LA,22,"23,070,342.20","3,485,935.00","43,831,966.60","15,676,353.00","810,948.00","2,675,958.80",0,0,0,70388243.8,19163259.8
2005,MA,25,"12,033,546.30","7,116,493.30","20,276,564.50","5,475,057.00","562,470.70","1,200,506.50",0,0,0,39426604.1,7238034.2
2005,MD,24,"29,313,921.70","3,817,583.40","1,891,637.20","14,703,221.00","1,703,638.90","549,877.40",0,0,0,35023142.3,16956737.3
2005,ME,23,"322,358.80","1,514,879.50","7,486,758.80",0,"4,090,923.70","3,854,345.00",0,0,0,9323997.1,7945268.7
2005,MI,26,"70,345,629.20","897,870.90","13,631,563.80","32,871,574.00","350,594.80","2,537,053.10","1,848.00",0,0,84875063.9,35761069.9
2005,MN,27,"32,863,117.60","783,342.00","2,721,784.90","12,835,219.00","774,727.40","1,000,846.10","1,582,474.70",0,0,36368244.5,16193267.2
2005,MO,29,"77,437,142.00","168,415.30","3,896,751.90","8,030,577.00","1,245,257.80","9,249.10",0,0,0,81502309.2,9285083.9
2005,MS,28,"16,635,888.20","1,436,374.50","15,336,760.30","10,077,846.00",0,"1,568,314.10",0,0,0,33409023,11646160.1
2005,MT,30,"17,823,338.80","413,990.70","36,066.80",0,"9,587,348.50","65,244.50",0,0,0,18273396.3,9652593
2005,NC,37,"78,450,733.50","485,077.50","3,129,478.40","39,981,739.00","5,543,005.60","1,836,909.10",0,0,0,82065289.4,47361653.7
2005,ND,38,"30,258,758.70","34,207.10","9,096.80",0,"1,341,824.00","9,989.00","220,345.00",0,0,30302062.6,1572158
2005,NE,31,"20,818,171.10","31,227.30","803,464.20","8,801,841.00","871,472.50","42,645.70","96,607.80",0,0,21652862.6,9812567
2005,NH,33,"4,072,987.00","1,357,141.70","6,784,734.80","9,455,885.00","1,743,321.30","937,513.50",0,0,0,12214863.5,12136719.8
2005,NJ,34,"11,625,410.10","1,095,267.20","15,268,146.10","31,391,685.00","-251,594.60","838,527.80",0,0,0,27988823.4,31978618.2
2005,NM,35,"29,947,248.00","36,908.90","4,187,217.10",0,"164,992.80","4,644.00","794,629.90",0,0,34171374,964266.7
2005,NV,32,"18,384,261.00","44,518.40","19,414,895.10",0,"1,702,379.80",0,0,0,"1,262,706.40",37843674.5,2965086.2
2005,NY,36,"20,364,683.00","24,027,886.90","33,262,547.00","42,443,152.00","25,001,779.70","1,831,787.00","102,989.90",0,0,77655116.9,69379708.6
2005,OH,39,"136,866,192.70","1,390,647.20","2,694,227.90","14,802,733.00","515,743.80","385,819.00","13,268.00",0,0,140951067.8,15717563.8
2005,OK,40,"36,349,432.50","70,332.50","30,225,068.40",0,"2,476,535.70","289,217.00","847,773.00",0,0,66644833.4,3613525.7
2005,OR,41,"3,466,711.20","59,253.80","13,389,391.00",0,"30,948,342.60","877,825.70","734,273.90",0,0,16915356,32560442.2
2005,PA,42,"120,863,987.90","4,957,734.10","10,811,444.40","76,289,432.00","1,514,826.30","1,992,045.40","284,240.90",0,0,136633166.4,80080544.6
2005,RI,44,0,"55,813.70","5,990,745.70",0,"6,734.00",0,0,0,0,6046559.4,6734
2005,SC,45,"39,676,795.30","672,802.10","5,412,551.20","53,137,554.00","1,739,470.80","1,782,646.70",0,0,0,45762148.6,56659671.5
2005,SD,46,"2,996,347.00","20,784.60","270,945.90",0,"3,074,566.00",0,"158,104.00",0,0,3288077.5,3232670
2005,TN,47,"59,181,335.00","230,517.20","532,019.50","27,803,108.00","8,711,605.90","557,424.50","3,339.00",0,0,59943871.7,37075477.4
2005,TX,48,"148,358,023.00","2,273,932.20","195,680,121.80","38,232,493.00","1,332,559.00","1,097,199.20","4,237,208.80",0,0,346312077,44899460
2005,UT,49,"35,970,404.80","40,908.60","1,177,500.40",0,"784,461.40",0,0,0,"184,802.00",37188813.8,969263.4
2005,VA,51,"35,397,029.70","4,236,683.50","8,223,519.70","27,918,481.00","63,529.00","2,456,558.80",0,0,0,47857232.9,30438568.8
2005,VT,50,0,"10,178.60","2,240.00","4,071,547.00","1,210,809.20","410,491.10","11,486.00",0,0,12418.6,5704333.3
2005,WA,53,"10,506,173.60","102,038.00","8,581,295.40","8,242,273.00","72,080,734.00","1,586,837.30","498,470.00",0,0,19189507,82408314.3
2005,WI,55,"41,649,008.60","702,932.10","6,481,520.40","9,920,991.00","1,703,115.80","1,169,939.20","92,543.90",0,0,48833461.1,12886589.9
2005,WV,54,"91,406,122.30","223,551.60","273,069.60",0,"1,447,565.60",713,"153,892.00",0,0,91902743.5,1602170.6
2005,WY,56,"43,345,684.50","42,295.20","324,981.20",0,"808,374.90",0,"717,263.80",0,0,43712960.9,1525638.7
2007,AK,2,"641,409.40","1,009,990.20","3,867,539.50",0,"1,291,223.00","10,217.60","1,012.00",0,0,5518939.1,1302452.6
2007,AL,1,"77,993,760.40","156,921.90","23,231,776.30","34,325,127.00","4,136,114.00","3,800,620.10",0,0,0,101382458.6,42261861.1
2007,AR,5,"25,744,179.90","94,152.80","8,364,250.80","15,486,102.00","3,266,357.00","1,623,743.90",0,0,0,34202583.5,20376202.9
2007,AZ,4,"41,275,362.00","49,275.60","38,469,220.80","26,782,391.00","6,723,082.00","32,989.90",0,"8,649.00",0,79793858.4,33547111.9
2007,CA,6,"2,298,305.60","2,333,919.80","116,012,828.90","35,792,490.00","27,637,529.90","5,699,014.90","5,584,933.40","556,969.00","12,990,711.00",120645054.3,88261648.2
2007,CO,8,"35,935,739.20","28,449.50","15,015,812.50",0,"1,561,471.60","31,105.00","1,291,516.10","2,208.00",0,50980001.2,2886300.7
2007,CT,9,"3,738,722.50","1,310,846.00","9,931,754.90","16,386,142.00","341,568.80","688,085.80",0,0,0,14981323.4,17415796.6
2007,DC,11,0,"75,251.00",0,0,0,0,0,0,0,75251,0
2007,DE,10,"5,621,822.50","241,136.00","1,901,983.60",0,0,"48,116.00",0,0,0,7764942.1,48116
2007,FL,12,"67,908,114.60","20,202,867.40","106,035,064.30","29,289,289.00","154,446.00","4,209,257.50",0,0,0,194146046.3,33652992.5
2007,GA,13,"90,297,529.20","782,290.80","16,075,515.00","32,544,998.00","1,914,539.00","3,307,608.80",0,0,0,107155335,37767145.8
2007,HI,15,"1,578,931.30","8,914,207.30",0,0,"92,343.40","275,291.50","238,184.00",0,"229,886.00",10493138.6,835704.9
2007,IA,19,"37,985,566.40","311,914.70","3,090,878.60","4,518,875.00","962,346.00","150,218.50","2,757,814.00",0,0,41388359.7,8389253.5
2007,ID,16,"83,564.20",134,"1,657,254.90",0,"9,021,690.00","480,581.50","172,267.00",0,0,1740953.1,9674538.5
2007,IL,17,"95,274,268.90","118,935.10","7,541,527.00","95,728,845.00","153,727.40","620,325.20","664,427.00",0,0,102934731,97167324.6
2007,IN,18,"122,802,897.20","169,976.80","4,064,399.80",0,"449,936.00","230,113.60",0,0,0,127037273.8,680049.6
2007,KS,20,"36,250,263.10","207,148.50","2,132,609.10","10,369,136.00","10,501.00",0,"1,152,538.00",0,0,38590020.7,11532175
2007,KY,21,"90,483,059.20","2,791,298.50","1,801,082.90",0,"1,668,587.00","465,623.00",0,0,0,95075440.6,2134210
2007,LA,22,"23,051,182.60","2,250,633.10","43,915,015.00","17,077,572.00","826,642.00","2,979,883.00",0,0,0,69216830.7,20884097
2007,MA,25,"12,024,346.90","3,049,165.50","24,900,015.70","5,119,789.00","-33,064.80","1,184,126.50",0,0,0,39973528.1,6270850.7
2007,MD,24,"29,699,186.10","984,830.80","2,240,926.80","14,353,192.00","1,652,216.50","581,969.40",0,0,0,32924943.7,16587377.9
2007,ME,23,"375,577.00","818,377.20","6,674,593.80",0,"3,738,167.60","4,095,647.10","99,071.00",0,0,7868548,7932885.7
2007,MI,26,"70,810,598.70","698,525.00","11,724,913.00","31,516,953.00","140,748.30","2,401,027.60","2,723.00",0,0,83234036.7,34061451.9
2007,MN,27,"32,190,372.60","404,531.70","3,901,389.90","13,103,000.00","653,821.80","1,273,592.90","2,637,674.00",0,0,36496294.2,17668088.7
2007,MO,29,"75,089,978.20","60,400.90","4,957,790.50","9,371,955.00","1,587,799.00","29,309.40",0,0,0,80108169.6,10989063.4
2007,MS,28,"17,407,324.60","399,370.40","21,337,900.00","9,358,784.00",0,"1,314,975.60",0,0,0,39144595,10673759.6
2007,MT,30,"18,356,774.50","478,677.30","105,973.50",0,"9,364,336.00","110,944.70","495,776.00",0,0,18941425.3,9971056.7
2007,NC,37,"79,983,038.40","495,365.10","4,472,707.20","40,044,705.00","3,121,154.50","1,671,150.70",0,0,0,84951110.7,44837010.2
2007,ND,38,"29,163,553.20","50,817.90","16,574.20",0,"1,305,393.00","13,507.00","620,771.90",0,0,29230945.3,1939671.9
2007,NE,31,"19,629,911.20","35,707.40","1,108,816.10","11,041,532.00","821,880.00","61,259.30","216,765.00",0,0,20774434.7,12141436.3
2007,NH,33,"3,927,415.30","383,684.40","5,732,943.10","10,763,884.00","1,265,228.90","1,118,880.50",0,0,0,10044042.8,13147993.4
2007,NJ,34,"10,210,670.10","452,771.10","18,752,331.70","32,010,376.00","-248,025.00","786,494.00","20,412.00",0,0,29415772.9,32569257
2007,NM,35,"27,603,647.40","44,470.50","6,649,280.50",0,"267,978.00","15,993.90","1,393,239.00",0,0,34297398.4,1677210.9
2007,NV,32,"7,090,910.60","11,450.20","22,407,399.80",0,"2,003,191.00",0,0,"43,967.00","1,252,691.00",29509760.6,3299849
2007,NY,36,"21,405,542.40","8,215,561.10","44,286,804.30","42,452,854.00","24,484,175.40","1,878,723.60","833,476.00",0,0,73907907.8,69649229
2007,OH,39,"132,915,692.80","1,144,543.80","3,969,300.50","15,764,049.00","410,436.00","138,963.70","14,748.00",0,0,138029537.1,16328196.7
2007,OK,40,"34,437,937.50","160,487.60","35,138,637.10",0,"2,900,018.00","279,634.70","1,849,144.00",0,0,69737062.2,5028796.7
2007,OR,41,"4,351,623.90","14,286.60","14,857,667.70",0,"33,587,439.50","978,412.00","1,246,994.30",0,0,19223578.2,35812845.8
2007,PA,42,"122,631,739.60","1,340,668.30","19,197,094.20","77,376,316.00","1,513,127.10","2,008,936.50","470,017.80",0,0,143169502.1,81368397.4
2007,RI,44,0,"33,951.00","6,856,772.00",0,"4,364.00","154,757.00",0,0,0,6890723,159121
2007,SC,45,"41,582,669.50","217,287.30","5,964,573.10","53,199,914.00","345,297.60","1,993,868.00",0,0,0,47764529.9,55539079.6
2007,SD,46,"2,655,333.60","62,902.00","351,041.60",0,"2,442,847.00",0,"150,018.00",0,0,3069277.2,2592865
2007,TN,47,"60,237,330.10","232,097.90","721,838.10","28,700,371.00","4,235,237.00","920,589.40","49,937.00",0,0,61191266.1,33906134.4
2007,TX,48,"147,278,889.30","1,308,903.60","199,541,813.20","40,955,030.00","1,644,436.70","1,281,229.30","9,006,383.00",0,0,348129606.1,52887079
2007,UT,49,"37,170,794.20","39,146.80","7,424,217.70",0,"538,782.00","30,679.60",0,0,"163,925.00",44634158.7,733386.6
2007,VA,51,"35,420,746.30","2,096,948.80","10,903,839.90","27,268,475.00","-372,019.30","2,530,494.10",0,0,0,48421535,29426949.8
2007,VT,50,0,"7,811.50","1,888.70","4,703,728.00","646,604.50","453,037.80","10,511.00",0,0,9700.2,5813881.3
2007,WA,53,"8,556,816.40","36,660.10","7,287,790.00","8,108,560.00","78,873,707.10","1,288,054.20","2,437,823.00",0,0,15881266.5,90708144.3
2007,WI,55,"40,028,249.60","1,013,413.70","6,488,750.30","12,910,319.00","1,516,082.90","1,193,465.90","109,283.00",0,0,47530413.6,15729150.8
2007,WV,54,"91,866,264.80","199,918.70","388,794.20",0,"1,254,397.00",0,"167,588.00",0,0,92454977.7,1421985
2007,WY,56,"43,126,809.20","47,221.90","594,025.80",0,"729,424.00",0,"754,881.00",0,0,43768056.9,1484305
2009,AK,2,"630,591.60","1,156,881.80","3,577,403.20",0,"1,323,744.40","6,511.40","7,027.00",0,0,5364876.6,1337282.8
2009,AL,1,"55,608,723.80","219,273.70","31,715,413.50","39,716,204.00","12,535,373.00","3,416,109.10",0,0,0,87543411,55667686.1
2009,AR,5,"25,075,250.30","88,469.60","11,221,413.20","15,169,966.00","4,293,071.00","1,585,550.10",0,0,0,36385133.1,21048587.1
2009,AZ,4,"39,706,817.30","62,699.10","34,739,169.60","30,661,851.00","6,596,825.00","160,198.20","29,545.00","14,145.00",0,74508686,37462564.2
2009,CA,6,"2,049,946.90","2,897,474.30","113,466,592.30","31,763,804.00","28,040,885.30","6,230,276.40","5,839,813.20","638,997.00","12,852,783.00",118414013.5,85366558.9
2009,CO,8,"31,636,022.80","13,453.10","13,942,862.50",0,"1,777,066.00","56,552.00","3,003,521.00","25,585.00",0,45592338.4,4862724
2009,CT,9,"2,453,497.50","298,877.70","9,809,351.10","16,657,382.00","514,930.60","715,869.00",0,0,0,12561726.3,17888181.6
2009,DC,11,0,"35,499.00",0,0,0,0,0,0,0,35499,0
2009,DE,10,"2,848,170.90","258,365.70","1,376,400.50",0,0,"125,611.40",0,0,0,4482937.1,125611.4
2009,FL,12,"54,003,071.80","9,227,803.40","118,495,118.00","29,117,877.00","208,202.00","4,239,313.20",0,"9,470.00",0,181725993.2,33574862.2
2009,GA,13,"69,478,196.10","649,674.40","20,505,749.30","31,682,579.00","3,531,670.90","2,825,087.70",0,0,0,90633619.8,38039337.6
2009,HI,15,"1,500,165.90","8,311,451.70",0,0,"112,648.60","273,814.60","251,427.00","1,390.00","167,591.00",9811617.6,806871.2
2009,IA,19,"37,351,435.70","85,250.70","1,184,217.20","4,678,931.00","971,165.00","155,668.10","7,411,090.00",0,0,38620903.6,13216854.1
2009,ID,16,"82,564.80",41,"1,643,594.90",0,"10,434,263.90","477,948.30","313,418.00",0,"75,950.00",1726200.7,11301580.2
2009,IL,17,"89,966,860.10","188,685.70","4,494,719.60","95,473,920.00","136,380.00","710,204.20","2,819,532.20",16,0,94650265.4,99140052.4
2009,IN,18,"108,359,054.60","500,258.50","3,829,658.20",0,"503,470.00","301,418.10","1,403,191.60",0,0,112688971.3,2208079.7
2009,KS,20,"32,243,043.50","120,760.90","2,668,890.70","8,768,548.00","12,798.00",0,"2,863,266.60",0,0,35032695.1,11644612.6
2009,KY,21,"84,037,595.70","2,016,282.40","882,744.00",0,"3,317,641.00","363,534.30",0,0,0,86936622.1,3681175.3
2009,LA,22,"23,067,136.50","1,857,708.70","44,003,264.20","16,782,077.00","1,236,351.00","2,363,959.30",0,0,0,68928109.4,20382387.3
2009,MA,25,"9,028,109.90","897,077.90","21,057,318.60","5,396,021.00","667,440.40","1,166,191.10","5,955.90",42.6,0,30982506.4,7235651
2009,MD,24,"24,162,345.50","329,900.20","1,767,844.90","14,550,119.00","1,888,769.00","531,591.50",0,0,0,26260090.6,16970479.5
2009,ME,23,"72,146.10","433,433.20","7,355,394.00",0,"4,211,678.60","3,626,841.00","298,623.00",0,0,7860973.3,8137142.6
2009,MI,26,"66,847,683.30","399,314.00","8,463,876.80","21,851,009.00","515,062.00","2,310,856.80","300,172.10",0,0,75710874.1,24977099.9
2009,MN,27,"29,328,421.40","67,622.10","2,847,665.00","12,393,425.00","809,087.60","1,691,027.10","4,537,571.70",0,0,32243708.5,19431111.4
2009,MO,29,"71,611,239.70","87,519.40","3,422,763.30","10,247,116.00","2,383,406.00","75,427.60","499,377.00",0,0,75121522.4,13205326.6
2009,MS,28,"12,957,662.10","35,321.70","23,273,313.40","10,998,515.00",0,"1,424,279.00",0,0,0,36266297.2,12422794
2009,MT,30,"15,611,279.10","491,880.50","77,761.80",0,"9,505,940.00","94,642.20","820,923.70",0,0,16180921.4,10421505.9
2009,NC,37,"65,082,782.50","297,065.20","4,354,358.80","40,847,711.00","5,214,333.50","1,888,194.50",0,"4,563.30",0,69734206.5,47954802.3
2009,ND,38,"29,606,965.60","88,542.20","16,605.90",0,"1,475,251.00","11,572.00","2,997,530.00",0,0,29712113.7,4484353
2009,NE,31,"23,349,780.30","22,869.30","311,581.10","9,435,142.00","1,018,027.00","66,195.40","382,634.00",0,0,23684230.7,10901998.4
2009,NH,33,"2,885,668.40","183,080.90","5,342,356.90","8,816,673.00","1,680,491.90","1,131,115.30","62,477.00",0,0,8411106.2,11690757.2
2009,NJ,34,"5,099,868.40","422,037.70","20,630,221.20","34,327,954.00","-169,633.20","891,425.60","20,918.00","10,707.00",0,26152127.3,35081371.4
2009,NM,35,"29,117,308.20","44,612.80","8,661,072.60",0,"270,963.00","33,664.00","1,546,718.00",0,0,37822993.6,1851345
2009,NV,32,"7,539,936.50","16,183.50","25,877,620.50",0,"2,460,594.80",890.4,0,"174,309.00","1,633,213.00",33433740.5,4269007.2
2009,NY,36,"12,758,872.60","2,648,305.60","41,779,934.00","43,484,614.00","27,134,719.40","2,103,934.90","2,266,338.60",0,0,57187112.2,74989606.9
2009,OH,39,"113,711,996.70","1,311,743.20","4,651,266.60","15,206,084.00","527,746.00","619,296.00","14,114.00",0,0,119675006.5,16367240
2009,OK,40,"34,059,106.90","9,462.90","34,643,483.60",0,"3,435,742.00","232,998.90","2,679,758.00",0,0,68712053.4,6348498.9
2009,OR,41,"3,196,901.50","7,955.30","16,133,451.40",0,"33,033,512.80","799,840.40","3,469,713.60",0,0,19338308.2,37303066.8
2009,PA,42,"105,474,534.40","1,014,568.50","29,215,747.00","77,327,686.00","1,952,354.60","2,254,806.10","1,074,788.10","3,562.00",0,135704849.9,82613196.8
2009,RI,44,0,"17,130.70","7,530,357.80",0,"4,736.00","144,600.00",0,0,0,7547488.5,149336
2009,SC,45,"34,477,512.30","523,484.20","9,780,192.60","52,149,734.00","1,355,562.30","1,746,663.00",0,0,0,44781189.1,55251959.3
2009,SD,46,"3,217,352.70","8,319.50","80,333.80",0,"3,848,114.00","5,774.80","931,839.00",0,0,3306006,4785727.8
2009,TN,47,"41,633,240.30","198,940.10","409,321.40","26,962,001.00","9,562,130.00","898,721.10","51,747.00",0,0,42241501.8,37474599.1
2009,TX,48,"139,921,986.50","4,219,921.10","189,131,488.60","41,497,617.00","1,028,657.30","1,078,373.40","19,952,995.30",0,0,333273396.2,63557643
2009,UT,49,"35,526,126.40","63,989.20","6,444,042.40",0,"835,257.20","47,547.90","86,397.00",0,"279,121.00",42034158,1248323.1
2009,VA,51,"25,599,287.80","1,087,660.30","12,201,383.70","28,212,252.00","143,920.60","2,387,909.50",0,0,0,38888331.8,30744082.1
2009,VT,50,0,"2,438.90","4,430.80","5,360,608.00","1,485,825.30","417,456.30","11,589.00",0,0,6869.7,7275478.6
2009,WA,53,"7,477,772.80","298,491.70","11,971,140.90","6,634,014.00","72,970,811.00","1,467,763.70","3,572,485.60",0,0,19747405.4,84645074.3
2009,WI,55,"37,467,897.20","712,450.50","5,484,140.30","12,683,151.00","1,393,988.40","1,287,413.10","1,051,965.00",0,0,43664488,16416517.5
2009,WV,54,"68,079,899.80","169,317.70","109,435.20",0,"1,645,927.00",-837.3,"742,439.00",0,0,68358652.7,2387528.7
2009,WY,56,"41,954,266.40","50,180.80","488,013.90",0,"966,572.00",0,"2,226,204.60",0,0,42492461.1,3192776.6
2010,AK,2,"620,443.30","936,512.00","3,750,023.70",0,"1,421,288.00","6,304.40","12,607.00",0,0,5306979,1440199.4
2010,AL,1,"63,050,410.60","199,853.60","39,235,017.10","37,940,821.00","8,704,254.00","2,740,666.80",0,0,0,102485281.3,49385741.8
2010,AR,5,"28,152,445.10","45,179.40","12,468,098.60","15,022,678.00","3,658,441.00","1,619,318.70",0,0,0,40665723.1,20300437.7
2010,AZ,4,"43,643,806.90","66,434.30","29,675,942.00","31,199,935.00","6,831,190.00","182,979.40","134,916.00","15,553.00",0,73386183.2,38364573.4
2010,CA,6,"2,100,221.30","2,437,889.50","107,677,690.90","32,200,757.00","33,259,605.00","6,030,188.30","6,078,632.00","756,224.00","12,600,098.00",112215801.7,90925504.3
2010,CO,8,"34,559,290.00","17,482.20","11,101,811.80",0,"1,457,471.60","60,183.70","3,451,851.00","41,274.20",0,45678584,5010780.5
2010,CT,9,"2,604,398.90","408,931.50","11,729,608.10","16,750,304.00","400,159.30","697,837.10",0,0,0,14742938.5,17848300.4
2010,DC,11,0,"199,858.00",0,0,0,0,0,0,0,199858,0
2010,DE,10,"2,568,370.00","56,094.70","2,864,982.90",0,0,"135,641.40","2,556.00",0,0,5489447.6,138197.4
2010,FL,12,"59,897,433.10","9,139,758.70","128,796,346.60","23,935,921.60","177,474.00","4,314,108.30",0,"80,440.00",0,197833538.4,28507943.9
2010,GA,13,"73,298,041.50","640,563.30","23,884,457.30","33,512,033.00","3,043,748.00","3,182,319.80",0,0,0,97823062.1,39738100.8
2010,HI,15,"1,545,513.40","8,109,251.80",0,0,"70,423.00","273,201.60","261,120.00","1,770.00","200,595.00",9654765.2,807109.6
2010,IA,19,"41,282,937.30","154,297.30","1,312,170.20","4,450,640.00","948,168.00","174,370.50","9,168,252.00",0,0,42749404.8,14741430.5
2010,ID,16,"88,277.90",74,"1,689,232.40",0,"9,154,243.90","501,423.00","440,746.00",0,"71,841.00",1777584.3,10168253.9
2010,IL,17,"93,611,365.00","207,708.10","5,724,941.80","96,189,587.00","118,543.00","670,380.10","4,453,634.00","14,145.00",0,99544014.9,101446289.1
2010,IN,18,"112,375,760.70","452,943.60","6,474,986.40",0,"453,712.00","310,306.70","2,929,861.80",0,0,119303690.7,3693880.5
2010,KS,20,"32,505,053.10","103,107.90","2,287,322.60","9,555,712.00","13,214.00","54,286.00","3,405,064.60",0,0,34895483.6,13028276.6
2010,KY,21,"91,053,858.50","2,284,852.40","1,866,380.50",0,"2,580,246.00","439,874.70",0,0,0,95205091.4,3020120.7
2010,LA,22,"23,923,748.90","3,280,843.50","52,181,830.60","18,639,347.00","1,108,794.00","2,467,776.40",0,0,0,79386423,22215917.4
2010,MA,25,"8,305,890.40","295,736.30","25,771,660.40","5,917,813.00","659,269.80","1,192,938.70","18,514.50",824.3,0,34373287.1,7789360.3
2010,MD,24,"23,668,205.30","322,437.90","2,896,978.50","13,993,948.00","1,667,396.00","551,850.20","1,494.00",0,0,26887621.7,16214688.2
2010,ME,23,"87,193.20","272,300.20","8,373,605.70",0,"3,810,381.30","3,640,334.20","499,198.00",0,0,8733099.1,7949913.5
2010,MI,26,"65,604,374.30","382,028.30","12,249,261.50","29,624,580.00","227,994.00","2,461,832.70","360,340.00",0,0,78235664.1,32674746.7
2010,MN,27,"28,082,549.80","31,086.80","4,340,847.10","13,478,046.00","840,409.80","1,832,651.80","4,759,113.40",0,0,32454483.7,20910221
2010,MO,29,"75,047,228.60","125,883.70","4,696,441.20","8,996,033.00","2,427,033.00","62,107.20","925,490.00",0,0,79869553.5,12410663.2
2010,MS,28,"13,628,997.00","81,499.50","29,619,347.90","9,643,241.00",0,"1,504,264.90",0,0,0,43329844.4,11147505.9
2010,MT,30,"18,600,634.20","410,400.80","90,442.20",0,"9,414,662.00",0,"930,233.30",0,0,19101477.2,10344895.3
2010,NC,37,"71,951,213.60","292,956.30","8,800,683.00","40,739,529.00","5,155,229.00","2,071,801.70",0,"11,340.10",0,81044852.9,47977899.8
2010,ND,38,"28,462,040.40","73,755.80","16,352.60",0,"2,042,118.00","12,387.00","4,065,893.00",0,0,28552148.8,6120398
2010,NE,31,"23,362,775.90","30,848.90","375,035.30","11,054,337.00","1,313,856.00","71,508.10","421,645.00",0,0,23768660.1,12861346.1
2010,NH,33,"3,082,642.70","71,681.10","5,364,836.10","10,910,055.00","1,477,583.00","1,152,262.80","75,688.00",0,0,8519159.9,13615588.8
2010,NJ,34,"6,417,891.00","433,994.30","24,902,305.00","32,771,305.00","-175,653.00","783,103.30","12,653.00","21,083.80",0,31754190.3,33412492.1
2010,NM,35,"25,617,789.10","46,182.90","8,558,475.40",0,"217,010.00","13,679.60","1,832,182.00","8,930.00",0,34222447.4,2071801.6
2010,NV,32,"6,997,302.50","11,158.30","23,688,192.10",0,"2,157,296.00",0,0,"216,916.80","2,069,730.00",30696652.9,4443942.8
2010,NY,36,"13,582,766.00","2,004,966.10","48,915,545.10","41,869,535.00","24,942,433.00","2,158,004.50","2,544,991.00",0,0,64503277.2,71514963.5
2010,OH,39,"117,828,009.00","1,442,356.90","7,128,428.60","15,804,803.00","429,024.00","674,665.30","12,576.00","10,923.00",0,126398794.5,16931991.3
2010,OK,40,"31,475,137.10","18,088.90","34,009,154.10",0,"2,655,870.00","351,872.30","3,808,083.20",0,0,65502380.1,6815825.5
2010,OR,41,"4,126,435.00","3,420.50","15,651,175.70",0,"30,542,260.00","842,458.00","3,920,006.80",0,0,19781031.2,35304724.8
2010,PA,42,"110,369,292.10","671,122.70","33,718,241.90","77,828,348.00","1,624,422.00","2,382,995.40","1,854,031.70","7,559.50",0,144758656.7,83697356.6
2010,RI,44,0,"11,658.60","7,583,281.40",0,"3,706.00","136,949.00","3,124.00",0,0,7594940,143779
2010,SC,45,"37,671,117.90","190,727.20","10,927,237.50","51,988,079.00","1,441,743.00","1,873,063.80",0,0,0,48789082.6,55302885.8
2010,SD,46,"3,298,255.50","6,124.20","134,705.80",0,"5,238,801.00",0,"1,371,749.60",0,0,3439085.5,6610550.6
2010,TN,47,"43,670,195.90","216,903.20","2,290,320.80","27,739,221.00","7,017,643.00","946,979.60","40,570.00",0,0,46177419.9,35744413.6
2010,TX,48,"150,172,832.00","3,140,850.40","186,296,048.80","41,335,248.00","1,261,832.20","1,445,210.40","26,126,312.00","8,208.00",0,339609731.2,70176810.6
2010,UT,49,"34,057,265.00","86,576.60","6,455,395.90",0,"695,511.80","56,025.70","447,680.00",0,"276,949.10",40599237.5,1476166.6
2010,VA,51,"25,459,220.80","1,292,860.70","16,999,125.10","26,571,899.00","9,579.90","2,191,109.80",0,0,0,43751206.6,28772588.7
2010,VT,50,0,"4,508.70","3,782.70","4,782,473.00","1,346,887.00","468,446.60","13,892.00",0,0,8291.4,6611698.6
2010,WA,53,"8,526,932.50","324,494.70","10,233,735.40","9,241,133.00","68,341,711.20","1,867,615.20","4,675,440.00",0,0,19085162.6,84125899.4
2010,WI,55,"40,168,732.80","718,301.60","5,496,832.10","13,280,939.00","2,111,852.30","1,384,638.20","1,088,464.00",0,0,46383866.5,17865893.5
2010,WV,54,"78,147,563.00","154,557.20","139,601.30",0,"1,367,361.00",0,"939,172.00",0,0,78441721.5,2306533
2010,WY,56,"42,986,523.40","66,649.60","458,983.30",0,"1,023,887.00",0,"3,246,793.00",0,0,43512156.3,4270680
2012,AK,2,"684,959.20","1,037,761.60","3,608,695.40",0,"1,575,045.00","2,565.40","19,268.00",0,0,5331416.2,1596878.4
2012,AL,1,"45,606,920.00","109,583.20","55,705,000.40","40,841,212.00","7,435,223.00","3,229,612.10",0,0,0,101421503.6,51506047.1
2012,AR,5,"28,430,929.80","32,559.60","17,117,412.90","15,493,131.00","2,240,882.00","1,660,370.10",0,0,0,45580902.3,19394383.1
2012,AZ,4,"40,115,665.70","41,911.90","30,295,010.50","31,933,916.00","6,796,379.00","235,028.30","249,411.00","946,791.00",0,70452588.1,40161525.3
2012,CA,6,"1,258,252.60","1,692,979.80","119,645,391.90","18,507,408.00","27,409,558.00","6,273,300.00","9,685,429.00","1,360,235.00","12,518,999.00",122596624.3,75754929
2012,CO,8,"34,521,019.90","11,045.20","10,524,445.00",0,"1,252,741.00","57,989.50","5,961,967.00","163,335.00",0,45056510.1,7436032.5
2012,CT,9,"95,875.40","107,534.80","16,538,171.20","17,077,887.00","314,857.00","687,881.40",0,0,0,16741581.4,18080625.4
2012,DC,11,0,"9,399.00","62,387.80",0,0,0,0,0,0,71786.8,0
2012,DE,10,"1,422,702.50","265,342.90","6,814,727.20",0,0,"104,853.60","3,638.00","22,559.00",0,8502772.6,131050.6
2012,FL,12,"44,286,391.40","1,375,873.00","149,699,641.30","17,869,935.00","150,511.00","4,379,283.60",0,"193,616.00",0,195361905.7,22593345.6
2012,GA,13,"40,715,049.10","380,432.00","42,278,366.10","33,941,634.00","1,398,416.00","3,247,636.60",0,"1,547.00",0,83373847.2,38589233.6
2012,HI,15,"1,537,340.30","7,529,796.70",0,0,"114,581.00","286,075.30","378,234.00","4,608.00","260,997.00",9067137,1044495.3
2012,IA,19,"35,331,351.50","106,557.10","1,940,885.60","4,346,995.00","766,191.00","138,152.10","13,959,232.00",0,0,37378794.2,19210570.1
2012,ID,16,"76,737.20",19,"1,898,167.30",0,"10,940,404.70","549,267.20","1,890,559.00",0,"74,676.00",1974923.5,13454906.9
2012,IL,17,"80,826,777.60","200,451.70","11,188,974.90","96,401,309.00","111,208.00","615,193.20","7,683,448.00","30,657.00",0,92216204.2,104841815.2
2012,IN,18,"92,644,360.40","1,279,938.40","14,470,905.10",0,"433,505.00","336,797.70","3,210,104.00",2,0,108395203.9,3980408.7
2012,KS,20,"27,982,531.30","34,371.40","2,859,811.90","8,284,924.00","10,399.00","57,347.00","5,057,240.00",0,0,30876714.6,13409910
2012,KY,21,"82,760,807.70","1,536,523.60","2,957,384.20",0,"2,361,782.00","332,879.50",0,0,0,87254715.5,2694661.5
2012,LA,22,"21,421,868.90","3,029,847.60","58,518,650.10","15,659,132.00","679,944.00","2,430,042.20",0,0,0,82970366.6,18769118.2
2012,MA,25,"2,136,922.10","174,493.60","24,672,380.70","5,859,540.00","604,937.10","1,754,561.50","89,673.40","29,614.20",0,26983796.4,8338326.2
2012,MD,24,"16,184,773.00","137,304.90","4,944,894.70","13,579,266.00","1,656,539.00","564,278.10","321,687.00","21,077.00",0,21266972.6,16142847.1
2012,ME,23,"45,257.70","83,765.30","6,043,695.30",0,"3,732,604.30","3,218,272.30","878,457.00",0,0,6172718.3,7829333.6
2012,MI,26,"53,136,431.60","325,142.80","21,748,357.90","28,019,714.00","441,574.00","2,660,164.60","1,131,688.00",0,0,75209932.3,32253140.6
2012,MN,27,"22,722,774.40","29,593.50","7,088,204.80","11,943,790.00","561,021.50","1,847,874.60","7,615,408.00",0,0,29840572.7,21968094.1
2012,MO,29,"72,775,009.30","67,182.80","6,177,744.50","10,718,329.00","747,713.00","53,800.90","1,244,778.00",0,0,79019936.6,12764620.9
2012,MS,28,"7,211,973.00","17,082.40","38,549,893.00","7,296,134.00",0,"1,509,189.90",0,0,0,45778948.4,8805323.9
2012,MT,30,"13,987,391.60","466,986.30","463,998.30",0,"11,283,465.00",0,"1,251,985.90",0,0,14918376.2,12535450.9
2012,NC,37,"50,932,179.90","178,260.80","19,302,008.10","39,385,592.00","4,045,467.00","2,564,428.60",0,"111,425.00",0,70412448.8,46106912.6
2012,ND,38,"28,214,364.20","68,044.90","21,696.70",0,"2,477,230.00","5,543.00","5,274,509.00",0,0,28304105.8,7757282
2012,NE,31,"25,019,215.60","22,582.70","770,100.40","5,801,578.00","1,257,054.00","63,132.20","1,267,152.00",0,0,25811898.7,8388916.2
2012,NH,33,"1,267,717.20","21,649.90","7,049,703.70","8,189,181.00","1,289,386.00","1,174,859.50","208,699.00",0,0,8339070.8,10862125.5
2012,NJ,34,"1,897,474.90","320,377.20","28,284,904.50","33,110,224.00","-155,421.00","983,045.90","11,568.00","273,482.20",0,30502756.6,34222899.1
2012,NM,35,"24,994,048.80","46,148.90","8,799,041.30",0,"222,819.00","14,266.30","2,225,788.00","333,797.00",0,33839239,2796670.3
2012,NV,32,"4,079,431.70","18,874.70","25,646,658.30",0,"2,440,415.00","18,961.00","128,788.00","451,295.00","2,339,097.00",29744964.7,5378556
2012,NY,36,"4,551,039.10","580,248.10","59,462,256.10","40,774,560.00","24,150,828.00","2,179,706.90","2,974,614.70","52,713.00",0,64593543.3,70132422.6
2012,OH,39,"85,588,636.40","1,281,953.10","22,664,563.60","17,086,998.00","414,161.00","716,500.20","985,485.00","32,324.00",0,109535153.1,19235468.2
2012,OK,40,"29,301,757.50","10,693.50","39,022,848.60",0,"1,028,804.00","363,487.80","8,020,367.00",0,0,68335299.6,9412658.8
2012,OR,41,"2,634,334.50","5,925.00","11,624,679.20",0,"39,407,149.00","841,357.00","6,035,761.00","6,412.00","16,241.00",14264938.7,46306920
2012,PA,42,"87,148,205.00","360,589.30","53,063,084.10","75,174,408.00","1,798,553.00","2,327,352.50","2,128,658.00","28,863.00",0,140571878.4,81457834.5
2012,RI,44,0,"17,874.20","8,185,000.60",0,"4,266.00","100,515.00","1,380.00",0,0,8202874.8,106161
2012,SC,45,"28,396,145.20","108,399.00","14,331,878.90","51,145,302.00","524,239.00","2,143,472.60",0,0,0,42836423.1,53813013.6
2012,SD,46,"2,918,755.90","5,718.30","214,100.70",0,"5,964,481.00",0,"2,914,666.00",0,0,3138574.9,8879147
2012,TN,47,"35,419,309.10","144,479.80","8,075,159.50","25,102,101.00","7,806,577.00","776,782.60","47,492.00",0,0,43638948.4,33732952.6
2012,TX,48,"138,192,432.80","3,814,854.20","213,901,281.80","38,441,017.00","584,474.40","1,684,258.90","31,994,944.00","118,265.00",0,355908568.8,72822959.3
2012,UT,49,"30,799,120.50","43,717.90","6,577,064.00",0,"747,786.00","59,716.30","703,911.00","1,619.00","334,638.00",37419902.4,1847670.3
2012,VA,51,"14,180,795.20","363,967.50","25,037,749.00","28,723,390.00","-321,800.00","2,372,689.10",0,0,0,39582511.7,30774279.1
2012,VT,50,0,"3,419.80","2,538.80","4,989,338.00","1,109,205.00","353,207.50","106,897.00","3,515.00",0,5958.6,6562162.5
2012,WA,53,"3,762,956.90","432,049.30","5,437,592.50","9,333,709.00","89,507,906.00","1,616,174.00","6,598,716.00",794,0,9632598.7,107057299
2012,WI,55,"32,758,435.10","317,567.70","11,542,006.70","14,299,595.00","1,522,235.00","1,668,526.80","1,557,578.00",0,0,44618009.5,19047934.8
2012,WV,54,"70,267,428.10","143,448.40","242,894.20",0,"1,431,440.00","10,539.00","1,286,024.00",0,0,70653770.7,2728003
2012,WY,56,"43,411,766.00","62,641.60","512,914.80",0,"893,470.00",0,"4,369,107.00",0,0,43987322.4,5262577
2014,AK,2,"558,292","445,621","3,288,022",0,"1,538,738","62,512","151,957",0,0,4291935,1753207
2014,AL,1,"47,289,237","97,974","48,262,938","41,243,689","9,466,872","2,706,848",0,0,0,95650149,53417409
2014,AR,5,"33,220,755","29,274","9,613,708","14,478,259","2,706,846","1,530,217",0,0,0,42863737,18715322
2014,AZ,4,"42,665,011","56,862","27,176,893","32,320,917","6,132,153","230,743","468,115","3,130,527",0,69898766,42282455
2014,CA,6,"804,760","64,721","119,431,363","16,985,978","16,420,784","6,862,929","12,987,646","9,883,634","12,101,728",120300844,75242699
2014,CO,8,"32,544,849","9,926","11,953,808",0,"1,544,537","125,707","7,368,614","253,065",0,44508583,9291923
2014,CT,9,"824,948","513,414","14,683,905","15,840,619","440,742","745,119",0,"11,706",0,16022267,17038186
2014,DC,11,0,0,"67,612",0,0,0,0,0,0,67612,0
2014,DE,10,"865,384","183,282","6,192,122",0,0,"76,499","5,051","49,530",0,7240788,131080
2014,FL,12,"52,053,689","1,877,919","139,995,799","27,868,270","211,388","4,831,424",0,"227,782",0,193927407,33138864
2014,GA,13,"45,290,029","360,733","40,953,202","32,570,182","2,283,714","4,162,521",0,"119,227",0,86603964,39135644
2014,HI,15,"1,511,184","6,925,919",0,0,"94,083","334,030","578,617","39,262","253,841",8437103,1299833
2014,IA,19,"33,732,766","143,929","1,372,515","4,152,468","878,605","266,245","16,299,640",0,0,35249210,21596958
2014,ID,16,"77,671",1,"2,494,649",0,"8,996,995","573,794","2,805,800",0,"78,799",2572321,12455388
2014,IL,17,"87,277,414","86,756","5,464,574","97,857,900","132,298","566,372","10,082,894","45,838",0,92828744,108685302
2014,IN,18,"97,548,739","1,362,544","9,572,346",0,"371,153","390,539","3,449,670","102,127",0,108483629,4313489
2014,KS,20,"28,752,282","44,280","1,452,523","8,558,384","16,214","59,217","10,844,861",0,0,30249085,19478676
2014,KY,21,"83,601,961","1,152,779","2,500,197",0,"3,143,567","447,989",0,0,0,87254937,3591556
2014,LA,22,"19,221,019","5,231,074","56,072,108","17,311,330","1,090,038","2,779,604",0,0,0,80524201,21180972
2014,MA,25,"2,794,889","956,092","18,473,432","5,769,154","438,774","1,197,608","210,783","294,106",0,22224413,7910425
2014,MD,24,"17,603,291","463,456","2,505,890","14,343,334","1,615,523","567,144","314,338","93,185",0,20572637,16933524
2014,ME,23,"79,104","304,962","4,344,552",0,"3,620,334","3,394,386","1,097,329",0,0,4728618,8112049
2014,MI,26,"52,899,845","1,051,298","12,465,145","31,245,848","899,133","2,806,234","3,856,432",0,0,66416288,38807647
2014,MN,27,"27,956,680","60,248","3,871,764","12,707,166","548,488","1,763,168","9,674,170","2,653",0,31888692,24695645
2014,MO,29,"72,409,212","103,646","4,047,005","9,276,356","716,189","115,635","1,131,105","8,707",0,76559863,11247992
2014,MS,28,"10,742,566","14,101","32,605,949","10,252,183",0,"1,507,949",0,0,0,43362616,11760132
2014,MT,30,"15,579,416","428,369","515,454",0,"11,482,751","13,009","1,973,794",0,0,16523239,13469554
2014,NC,37,"49,238,197","458,734","28,737,608","40,967,020","4,834,092","2,546,701",0,"723,525",0,78434539,49071338
2014,ND,38,"27,394,068","25,777","234,655",0,"2,531,360","2,652","6,202,412",0,0,27654500,8736424
2014,NE,31,"24,922,175","42,513","405,708","10,101,838","1,157,781","64,185","2,736,939",0,0,25370396,14060743
2014,NH,33,"1,310,999","287,450","4,388,291","10,168,265","1,381,362","1,540,808","411,581",0,0,5986740,13502016
2014,NJ,34,"2,514,539","465,258","30,104,013","31,507,121","-219,608","998,426","22,855","511,562",0,33083810,32820356
2014,NM,35,"20,355,631","63,157","8,975,656",0,"98,381","14,179","2,274,750","515,054","8,736",29394444,2911100
2014,NV,32,"6,547,864","15,030","22,761,837",0,"2,389,000","24,568","300,134","1,013,682","2,728,788",29324731,6456172
2014,NY,36,"4,592,054","2,135,858","54,113,043","43,038,624","25,595,572","2,407,602","3,968,407","70,410",0,60840955,75080615
2014,OH,39,"89,876,110","1,247,509","23,635,609","16,284,440","478,007","818,467","1,153,418","53,908",0,114759228,18788240
2014,OK,40,"29,905,952","12,494","26,641,474",0,"1,322,675","338,355","11,785,091",0,0,56559920,13446121
2014,OR,41,"3,192,593","9,884","12,697,634",0,"35,261,936","1,142,850","7,555,402","24,042","183,467",15900111,44167697
2014,PA,42,"78,985,628","798,048","53,026,191","78,714,659","2,062,504","2,453,301","3,564,730","62,392",0,132809867,86857586
2014,RI,44,0,"73,534","5,935,766",0,"3,964","206,694","9,917","9,803",0,6009300,230378
2014,SC,45,"28,914,307","245,574","11,406,640","52,418,553","1,684,631","2,437,710",0,"4,785",0,40566521,56545679
2014,SD,46,"2,689,216","6,700","464,817",0,"5,498,214",0,"2,336,293",0,0,3160733,7834507
2014,TN,47,"35,874,582","185,127","6,199,618","27,670,006","8,409,467","1,062,378","51,140","27,481",0,42259327,37220472
2014,TX,48,"148,173,726","278,033","204,531,891","39,287,443","379,588","1,808,239","39,877,998","256,890",0,352983650,81610158
2014,UT,49,"33,376,688","24,318","8,376,420",0,"632,823","72,530","659,951","2,235","521,582",41777426,1889121
2014,VA,51,"20,818,584","1,204,907","20,881,566","30,220,977","-340,166","3,851,803",0,0,0,42905057,33732614
2014,VT,50,0,"5,473","2,465","5,060,582","1,175,321","452,707","311,310","16,875",0,7938,7016795
2014,WA,53,"6,719,928","23,541","11,058,815","9,497,321","79,458,391","1,839,644","7,205,934",729,0,17802284,98002019
2014,WI,55,"37,449,265","317,636","8,024,266","9,447,096","2,471,773","1,643,196","1,618,001","1,194",0,45791167,15181260
2014,WV,54,"76,817,906","162,125","653,302",0,"1,241,974",0,"1,451,383",0,0,77633333,2693357
2014,WY,56,"43,408,651","45,123","557,121",0,"868,710",0,"4,405,757",0,0,44010895,5274467
2016,AK,2,"594,139","831,330","3,040,487",0,"1,659,152","43,017","169,301",0,0,4465956,1871470
2016,AL,1,"34,258,405","45,832","57,803,618","39,901,879","7,462,945","3,335,246",0,"31,261",0,92107855,50731331
2016,AR,5,"23,800,070","42,363","18,171,187","13,421,022","3,608,810","1,369,828",0,"26,142",0,42013620,18425802
2016,AZ,4,"30,403,392","51,595","34,182,808","32,377,477","7,226,393","214,378","541,582","3,737,659",0,64637795,44097489
2016,CA,6,"318,876","174,814","97,006,836","18,907,578","28,682,772","6,122,047","13,442,864","19,301,101","11,457,299",97500526,97913661
2016,CO,8,"29,948,675","6,975","12,679,439",0,"1,608,385","162,305","9,421,204","538,109",0,42635089,11730003
2016,CT,9,"177,370","91,735","17,951,503","16,575,492","229,732","1,433,468","12,742","24,518",0,18220608,18275952
2016,DC,11,0,"1,001","22,702",0,0,"52,771",0,0,0,23703,52771
2016,DE,10,"479,350","62,571","7,787,469",0,0,"67,987","5,321","51,086",0,8329390,124394
2016,FL,12,"39,429,468","2,820,303","158,459,723","29,320,022","174,551","6,098,942",0,"223,983",0,200709494,35817498
2016,GA,13,"37,890,475","211,845","52,862,465","34,480,662","1,901,511","4,573,416",0,"880,923",0,90964785,41836512
2016,HI,15,"1,497,380","6,640,316",0,0,"90,849","556,329","639,127","88,511","260,102",8137696,1634918
2016,IA,19,"25,198,347","277,773","2,960,947","4,702,665","916,789","251,715","20,076,023",151,0,28437067,25947343
2016,ID,16,"29,188",183,"3,321,462",0,"9,033,272","531,573","2,578,415","29,801","71,995",3350833,12245056
2016,IL,17,"59,337,802","69,503","17,480,439","98,607,038","132,834","467,012","10,663,434","48,810",0,76887744,109919128
2016,IN,18,"72,533,080","610,407","19,995,659",0,"426,265","452,212","4,899,474","225,841",0,93139146,6003792
2016,KS,20,"23,096,064","28,324","2,027,207","8,246,042","30,538","58,832","14,110,881","2,102",0,25151595,22448395
2016,KY,21,"66,822,058","1,218,414","8,228,521",0,"3,477,930","464,895",0,"11,732",0,76268993,3954557
2016,LA,22,"12,013,649","4,819,225","66,052,455","17,151,826","1,103,023","2,876,273",0,0,0,82885329,21131122
2016,MA,25,"1,874,932","422,281","21,143,936","5,414,318","212,066","2,061,560","216,123","605,928",0,23441149,8509995
2016,MD,24,"13,826,213","160,609","5,423,046","14,760,177","1,392,187","870,075","527,114","208,657",0,19409868,17758210
2016,ME,23,"69,823","109,781","3,498,482",0,"2,999,688","2,918,417","1,667,103",0,0,3678086,7585208
2016,MI,26,"40,526,873","818,979","29,295,154","31,551,710","812,705","2,634,948","4,695,783","9,235",0,70641006,39704381
2016,MN,27,"23,206,289","30,705","8,929,398","13,860,816","1,208,502","2,182,426","10,491,209","10,107",0,32166392,27753060
2016,MO,29,"60,321,890","73,790","6,035,794","9,430,179","1,447,674","138,639","1,121,883","32,684",0,66431474,12171059
2016,MS,28,"5,342,026","17,785","50,094,739","5,897,272",0,"1,524,201",0,0,0,55454550,7421473
2016,MT,30,"14,269,222","459,923","476,061",0,"10,082,529","20,150","2,140,191",0,0,15205206,12242870
2016,NC,37,"37,435,780","251,193","39,251,102","42,786,087","4,417,186","2,555,910","6,233","3,410,123",0,76938075,53175539
2016,ND,38,"26,580,350","30,102","1,071,114",0,"1,912,005","5,606","8,171,922",0,0,27681566,10089533
2016,NE,31,"21,897,715","17,940","537,862","9,350,591","1,529,430","97,817","3,798,387","3,981",0,22453517,14780206
2016,NH,33,"422,017","38,798","4,744,436","10,761,163","1,145,386","1,738,369","432,324",0,0,5205251,14077242
2016,NJ,34,"1,314,541","146,126","43,807,453","29,885,187","-194,535","1,522,061","20,841","821,673",0,45268120,32055227
2016,NM,35,"18,365,270","51,683","9,957,553",0,"147,972","17,813","3,605,421","762,343","14,218",28374506,4547767
2016,NV,32,"2,166,831","10,985","28,921,612",0,"1,789,219","55,264","343,865","2,565,749","3,353,399",31099428,8107496
2016,NY,36,"1,770,238","639,490","56,470,524","41,570,990","26,417,302","3,114,692","3,940,180","139,611",0,58880252,75182775
2016,OH,39,"68,775,164","1,181,963","28,941,687","16,817,386","500,320","722,100","1,245,337","65,558",0,98898814,19350701
2016,OK,40,"19,158,044","17,261","36,529,086",0,"2,485,995","367,821","20,069,089","5,436",0,55704391,22928341
2016,OR,41,"1,898,202","4,850","15,306,661",0,"34,549,366","1,041,440","7,157,128","40,936","183,700",17209713,42972570
2016,PA,42,"54,672,030","362,715","68,049,155","82,924,011","1,812,683","3,151,159","3,476,246","74,805",0,123083900,91438904
2016,RI,44,0,"26,283","6,290,503",0,"2,128","204,776","26,532","14,663",0,6316786,248099
2016,SC,45,"21,002,913","113,862","16,366,854","55,825,916","1,249,474","2,376,353",0,"4,971",0,37483629,59456714
2016,SD,46,"2,082,681","2,793","918,561",0,"4,132,504",0,"3,152,513",364,0,3004035,7285381
2016,TN,47,"31,167,634","121,581","11,318,515","29,578,086","6,070,115","933,367","37,747","78,617",0,42607730,36697932
2016,TX,48,"121,230,933","196,422","225,976,260","42,079,445","1,342,005","1,682,695","57,530,784","730,810",0,347403615,103365739
2016,UT,49,"25,939,443","31,552","8,691,320",0,"759,542","88,855","822,282","1,053,661","485,094",34662315,3209434
2016,VA,51,"16,499,412","535,361","40,904,843","29,731,895","308,826","4,553,572",0,"20,908",0,57939616,34615201
2016,VT,50,0,"4,017","1,965",0,"1,077,517","477,495","291,182","59,031",0,5982,1905225
2016,WA,53,"4,601,726","21,965","10,982,248","9,625,622","78,343,491","2,067,580","8,041,847",727,0,15605939,98079267
2016,WI,55,"33,362,841","147,111","15,472,759","10,151,394","2,795,258","1,482,525","1,515,261","2,671",0,48982711,15947109
2016,WV,54,"71,512,961","122,669","1,224,567",0,"1,638,247",0,"1,432,154",0,0,72860197,3070401
2016,WY,56,"40,026,874","55,636","788,143",0,"973,488",0,"4,389,338",0,0,40870653,5362826
2018,AK,2,"628,564","806,220","2,947,902",0,"1,664,225","45,474","155,015",0,0,4382686,1864714
2018,AL,1,"31,266,480","65,704","57,474,724","39,462,827","11,143,139","3,446,379",0,"357,252",0,88806908,54409597
2018,AR,5,"29,996,101","35,517","20,623,705","12,720,818","3,049,020","1,365,691",0,"203,413",0,50655323,17338942
2018,AZ,4,"30,744,623","49,946","36,887,016","31,097,259","6,977,716","219,495","530,190","5,135,382",0,67681585,43960042
2018,CA,6,"281,328","68,101","89,590,175","18,213,519","26,182,093","6,086,865","14,023,951","26,972,511","11,676,841",89939604,103155780
2018,CO,8,"26,382,060","11,858","16,387,916",0,"1,562,647","164,427","9,745,150","1,062,380",0,42781834,12534604
2018,CT,9,"329,701","338,957","20,006,458","16,881,492","558,790","1,220,304","12,295","105,555",0,20675116,18778436
2018,DC,11,0,0,"18,328",0,0,"56,561",0,0,0,18328,56561
2018,DE,10,"273,388","200,824","5,400,155",0,0,"59,101","5,207","49,789",0,5874367,114097
2018,FL,12,"30,249,685","2,071,272","171,122,438","29,312,349","232,574","6,581,994",0,"2,394,593",0,203443395,38521510
2018,GA,13,"32,180,555","435,734","51,969,437","34,362,676","3,208,114","4,997,242",0,"1,993,346",0,84585726,44561378
2018,HI,15,"1,311,203","6,748,947",0,0,"96,520","498,868","601,934","184,576","110,089",8060150,1491987
2018,IA,19,"28,552,999","110,543","7,176,726","4,895,399","924,861","211,163","21,308,819","11,456",0,35840268,27351698
2018,ID,16,"20,338",57,"3,278,742",0,"11,024,342","490,541","2,655,052","555,964","83,112",3299137,14809011
2018,IL,17,"59,641,924","53,111","17,240,861","98,101,527","146,528","425,668","11,898,984","53,672",0,76935896,110626379
2018,IN,18,"77,455,229","130,277","26,816,995",0,"222,661","481,050","5,437,153","290,717",0,104402501,6431581
2018,KS,20,"20,473,983","52,016","2,979,247","9,168,289","26,420","63,551","18,907,502","7,727",0,23505246,28173489
2018,KY,21,"59,168,143","69,753","14,615,237",0,"4,417,833","430,554",0,"39,436",0,73853133,4887823
2018,LA,22,"11,786,724","4,377,794","61,447,580","17,152,582","1,179,855","2,676,304",0,"1,518",0,77612098,21010259
2018,MA,25,0,"460,739","18,385,799","4,441,563","659,093","2,015,672","216,813","943,784",0,18846538,8276925
2018,MD,24,"10,066,924","258,034","13,829,754","14,987,931","2,830,886","847,903","569,984","392,495",0,24154712,19629199
2018,ME,23,"70,828","189,092","2,330,732",0,"3,261,054","2,767,943","2,384,295","12,032",0,2590652,8425324
2018,MI,26,"42,330,863","1,213,512","30,986,892","30,478,694","870,744","2,653,346","5,457,252","115,981",0,74531267,39576017
2018,MN,27,"23,455,356","41,644","8,468,311","14,601,329","1,053,504","1,944,159","10,713,650","1,042,021",0,31965311,29354663
2018,MO,29,"59,703,176","97,704","6,912,911","10,655,279","875,299","132,945","2,834,677","91,231",0,66713791,14589431
2018,MS,28,"5,280,043","27,310","49,481,811","6,919,470",0,"1,439,285",0,"325,853",0,54789164,8684608
2018,MT,30,"13,360,027","446,004","476,370",0,"11,404,609","21,331","2,135,735","34,012",0,14282401,13595687
2018,NC,37,"31,664,853","632,055","43,445,749","42,076,949","6,605,429","2,609,614","542,772","6,050,030",0,75742657,57884794
2018,ND,38,"27,540,665","38,025","1,019,591",0,"3,180,154","1,038","10,730,134",0,0,28598281,13911326
2018,NE,31,"23,305,208","12,474","964,790","5,632,140","1,382,073","93,313","5,549,106","27,112",0,24282472,12683744
2018,NH,33,"636,367","177,899","2,991,539","10,061,696","1,354,988","1,433,887","406,659",0,0,3805805,13257230
2018,NJ,34,"1,193,288","362,365","38,863,100","31,982,106","-79,564","1,462,555","22,596","932,762",0,40418753,34320455
2018,NM,35,"13,401,532","20,737","11,491,510",0,"149,546","21,156","6,091,551","1,346,404","13,138",24913779,7621795
2018,NV,32,"2,485,046","10,245","26,688,612",0,"1,881,266","53,066","312,348","4,686,322","3,461,982",29183903,10394984
2018,NY,36,"690,386","1,590,193","50,810,944","42,919,011","29,199,282","3,027,432","3,980,870","295,016",0,53091523,79421611
2018,OH,39,"58,726,963","1,315,746","44,214,502","18,315,007","244,019","706,973","1,750,022","119,055",0,104257211,21135076
2018,OK,40,"14,906,747","17,978","41,612,986",0,"1,899,846","332,717","27,338,228","61,626",0,56537711,29632417
2018,OR,41,"1,281,563","3,956","17,922,777",0,"35,442,773","1,071,936","7,447,442","571,696","176,235",19208296,44710082
2018,PA,42,"44,086,284","624,727","76,391,778","83,476,744","3,602,614","3,035,998","3,566,917","62,475",0,121102789,93744748
2018,RI,44,0,"75,706","7,894,465",0,"4,100","211,031","158,606","28,866",0,7970171,402603
2018,SC,45,"19,483,068","343,903","21,653,796","52,716,469","2,308,985","2,264,358",0,"510,494",0,41480767,57800306
2018,SD,46,"2,339,337","6,396","1,167,719",0,"6,266,270",0,"2,835,002","1,672",0,3513452,9102944
2018,TN,47,"20,966,713","121,672","13,390,688","36,176,382","9,672,881","982,447","41,009","167,594",0,34479073,47040313
2018,TX,48,"111,722,643","129,313","239,212,717","41,185,739","1,126,378","1,590,082","75,683,313","3,205,647",0,351064673,122791159
2018,UT,49,"25,912,474","36,574","8,724,119",0,"927,097","79,460","794,555","2,223,706","445,737",34673167,4470555
2018,VA,51,"8,756,142","946,607","49,724,077","29,251,668","472,884","4,644,510",0,"763,072",0,59426826,35132134
2018,VT,50,0,"3,132","1,797",0,"1,268,189","426,008","373,346","102,831",0,4929,2170374
2018,WA,53,"5,382,866","23,515","10,525,355","9,708,441","80,911,614","1,863,588","7,900,094","1,695",0,15931736,100385432
2018,WI,55,"33,322,380","137,511","16,667,862","10,129,122","2,392,010","1,448,335","1,637,658","35,773",0,50127753,15642898
2018,WV,54,"62,038,836","158,885","1,420,390",0,"1,847,643",0,"1,769,984",0,0,63618111,3617627
2018,WY,56,"39,679,287","40,136","896,122",0,"975,702",0,"4,057,158",824,0,40615545,5033684
2019,AK,2,"683,055","898,595","2,686,990",0,"1,623,366","37,547","142,591",0,0,4268640,1803504
2019,AL,1,"26,655,067","19,920","57,197,370","43,656,862","11,405,216","3,357,457",0,"384,939",0,83872357,58804474
2019,AR,5,"22,731,353","46,234","21,772,400","13,574,947","4,185,420","1,334,615",0,"207,930",0,44549987,19302912
2019,AZ,4,"23,217,974","63,748","45,902,153","31,920,368","6,206,912","230,667","554,374","5,276,873",0,69183875,44189194
2019,CA,6,"240,456","49,583","85,839,066","16,165,384","38,324,154","6,091,066","13,730,984","28,324,249","10,914,107",86129105,113549944
2019,CO,8,"25,319,641","7,962","17,097,116",0,"1,619,119","162,043","10,852,376","1,218,220",0,42424719,13851758
2019,CT,9,"53,052","12,196","21,343,095","16,733,398","430,072","1,327,557","12,215","138,453",0,21408343,18641695
2019,DC,11,0,0,"110,123",0,0,"55,128",0,"8,829",0,110123,63957
2019,DE,10,"119,120","18,718","4,806,239",0,0,"61,389","5,270","53,807",0,4944077,120466
2019,FL,12,"21,248,194","1,525,202","181,445,758","29,108,066","209,882","6,062,832",0,"3,849,893",0,204219154,39230673
2019,GA,13,"25,149,600","246,563","58,619,997","33,591,181","3,357,535","5,375,691",0,"2,160,770",0,84016160,44485177
2019,HI,15,"1,301,946","6,864,169",0,0,"94,542","515,563","529,310","268,138",0,8166115,1407553
2019,IA,19,"22,159,203","140,758","7,781,686","5,235,716","796,268","215,600","26,304,990","15,436",0,30081647,32568010
2019,ID,16,"21,008",231,"4,266,684",0,"10,326,893","500,618","2,550,811","556,839","95,614",4287923,14030775
2019,IL,17,"48,611,425","43,556","21,345,588","98,735,488","123,811","412,148","14,459,597","61,788",0,70000569,113792832
2019,IN,18,"60,390,469","126,088","32,036,275",0,"255,983","486,599","6,216,030","322,601",0,92552832,7281213
2019,KS,20,"17,314,601","78,140","3,024,463","9,247,734","20,473","62,723","21,123,539","11,323",0,20417204,30465792
2019,KY,21,"51,714,430","50,159","15,341,668",0,"4,231,542","374,055",0,"44,999",0,67106257,4650596
2019,LA,22,"7,418,814","3,183,126","68,846,097","13,981,335","1,365,664","2,225,473",0,"1,506",0,79448037,17573978
2019,MA,25,0,"103,610","15,406,573","2,177,204","539,182","1,916,197","210,817","1,161,360",0,15510183,6004760
2019,MD,24,"5,721,573","67,269","14,605,261","15,012,922","2,188,051","718,208","520,269","494,311",0,20394103,18933761
2019,ME,23,"71,054","34,636","1,797,337",0,"3,499,341","2,346,165","2,493,932","7,050",0,1903027,8346488
2019,MI,26,"37,341,490","915,188","34,429,525","32,909,275","953,301","2,381,674","5,813,440","142,961",0,72686203,42200651
2019,MN,27,"17,804,538","50,645","12,607,035","14,104,547","1,056,034","1,444,675","10,964,869","1,248,467",0,30462218,28818592
2019,MO,29,"54,630,633","96,904","7,674,804","9,189,863","2,552,742","120,151","2,857,890","99,782",0,62402341,14820428
2019,MS,28,"4,414,340","13,703","48,780,505","11,032,514",0,"1,395,358",0,"322,340",0,53208548,12750212
2019,MT,30,"14,100,661","464,604","507,213",0,"10,004,523","20,140","2,373,356","29,393",0,15072478,12427412
2019,NC,37,"30,600,350","190,958","41,118,117","41,915,605","6,154,713","2,537,135","523,139","7,426,815",0,71909425,58557407
2019,ND,38,"25,151,437","33,551","1,470,620",0,"3,179,292",185,"11,213,025",0,0,26655608,14392502
2019,NE,31,"20,385,423","16,168","1,276,856","6,951,600","1,340,252","84,518","7,211,092","31,706",0,21678447,15619168
2019,NH,33,"343,015","30,090","3,582,516","10,906,923","1,462,043","1,268,602","433,405",0,0,3955621,14070973
2019,NJ,34,"1,041,529","142,423","40,448,602","26,637,324","-67,361","1,334,585","21,996","1,164,721",0,41632554,29091265
2019,NM,35,"14,691,665","183,601","11,803,192",0,"158,180","22,582","6,892,087","1,365,900","58,102",26678458,8496851
2019,NV,32,"2,735,457","12,345","25,774,966",0,"2,242,057","54,282","329,399","4,810,511","3,909,124",28522768,11345373
2019,NY,36,"421,951","502,504","47,592,540","44,865,018","30,298,896","2,917,938","4,455,881","523,640",0,48516995,83061373
2019,OH,39,"46,181,532","844,482","51,321,272","17,010,561","402,631","685,301","2,042,913","135,426",0,98347286,20276832
2019,OK,40,"7,826,057","17,504","44,187,963",0,"3,799,172","317,234","29,008,131","59,623",0,52031524,33184160
2019,OR,41,"2,569,160","6,623","20,932,334",0,"30,322,003","998,102","6,568,889","676,337","185,456",23508117,38750787
2019,PA,42,"37,928,929","184,365","98,040,851","83,229,652","2,937,494","2,843,458","3,250,499","82,784",0,136154145,92343887
2019,PR,72,"3,532,311","6,848,526","7,359,675",0,0,0,"156,110","272,411",0,17740512,428521
2019,RI,44,0,"11,033","7,141,026",0,"3,640","207,796","206,195","54,548",0,7152059,472179
2019,SC,45,"14,774,001","76,989","23,925,645","56,103,043","2,067,532","2,143,800",0,"858,546",0,38776635,61172921
2019,SD,46,"2,617,071","13,638","1,169,625",0,"7,915,155",0,"2,789,329","1,829",0,3800334,10706313
2019,TN,47,"18,641,185","139,600","16,912,987","35,720,405","9,514,464","918,042","37,976","326,324",0,35693772,46517211
2019,TX,48,"91,816,735","154,387","255,598,747","41,298,007","1,475,491","1,451,043","83,540,699","4,365,125",0,347569869,132130365
2019,UT,49,"25,241,026","39,777","9,369,352",0,"875,111","70,736","818,684","2,175,153","310,314",34650155,4249998
2019,VA,51,"3,418,111","257,963","57,985,151","29,497,516","415,080","4,304,708",0,"949,111",0,61661225,35166415
2019,VT,50,0,"1,029","1,851",0,"1,337,017","426,103","377,478","147,287",0,2880,2287885
2019,WA,53,"7,170,102","19,784","15,728,749","8,866,499","66,026,861","1,608,807","6,677,261","43,728",0,22918635,83223156
2019,WI,55,"25,589,331","142,828","20,327,591","10,030,305","2,641,014","1,347,073","1,877,809","37,892",0,46059750,15934093
2019,WV,54,"58,181,629","128,386","2,243,354",0,"1,706,011",0,"1,631,098",0,0,60553369,3337109
2019,WY,56,"35,375,829","43,730","1,029,254",0,"992,427",0,"4,162,818","180,138",0,36448813,5335383
